<?xml version="1.0" encoding="UTF-8"?>

<mule xmlns:secure-properties="http://www.mulesoft.org/schema/mule/secure-properties" xmlns:http="http://www.mulesoft.org/schema/mule/http"
	xmlns="http://www.mulesoft.org/schema/mule/core"
	xmlns:doc="http://www.mulesoft.org/schema/mule/documentation" xmlns:xsi="http://www.w3.org/2001/XMLSchema-instance" xsi:schemaLocation="http://www.mulesoft.org/schema/mule/core http://www.mulesoft.org/schema/mule/core/current/mule.xsd
http://www.mulesoft.org/schema/mule/http http://www.mulesoft.org/schema/mule/http/current/mule-http.xsd
http://www.mulesoft.org/schema/mule/secure-properties http://www.mulesoft.org/schema/mule/secure-properties/current/mule-secure-properties.xsd">
	<secure-properties:config name="Secure_Properties_Config" doc:name="Secure Properties Config" doc:id="cd27d4a4-2d15-4a63-8b6d-0ef7099ae7b9" file="${env}.secure.properties" key="${secure.key}" >
		<secure-properties:encrypt algorithm="Blowfish" />
	</secure-properties:config>
	<flow name="practicamuleFlow" doc:id="d161b389-8bd0-4323-860d-f0b939ea9885" >
		<http:listener doc:name="Listener" doc:id="f70e2d01-4475-47b9-a107-c4e02b4eea2e" path="/api/v1/sps/customers" config-ref="HTTP_Listener_config"/>
		<set-payload value="Mensaje de retorno" doc:name="Set Payload" doc:id="2fbbc2e5-9b70-496e-9d46-dd1534968974" />
		<logger level="INFO" doc:name="Logger" doc:id="96fbbe72-43de-47fa-aed6-0348d78ea36a" message='#[output application/java&#10;---&#10;"Username: " ++ Mule::p("secure::example.username")&#10;++ " - " ++&#10;"Password: " ++ Mule::p("secure::example.password")]'/>
	</flow>
</mule>
